-- Вставка данных в таблицу Category
INSERT INTO Category (category_id, name, Mother_category_id)
VALUES (1, 'Фантастика', NULL),
       (2, 'Детская литература', NULL),
       (3, 'Роман', NULL),
       (4, 'Научная литература', NULL),
       (5, 'Детские сказки', 2);

-- Вставка данных в таблицу Publisher
INSERT INTO Publisher (name, address)
VALUES ('Издательство 1', 'Адрес 1'),
       ('Издательство 2', 'Адрес 2'),
       ('Издательство 3', 'Адрес 3'),
       ('Издательство 4', 'Адрес 4'),
       ('Издательство 5', 'Адрес 5');

-- Вставка данных в таблицу Book
INSERT INTO Book (ISBN, year, name, author, num_of_pages, Publisher_name, Category_category_id)
VALUES (123456780, 2020, 'Книга 1', 'Автор 1', 200, 'Издательство 1', 1),
       (234567891, 2019, 'Книга 2', 'Автор 2', 250, 'Издательство 2', 3),
       (345678902, 2021, 'Книга 3', 'Автор 3', 300, 'Издательство 3', 4),
       (456789013, 2018, 'Книга 4', 'Автор 4', 150, 'Издательство 4', 1),
       (567890124, 2022, 'Сказка 1', 'Автор 5', 50, 'Издательство 5', 5);

-- Вставка данных в таблицу Reader
INSERT INTO Reader (reader_id, name, surname, address, date_of_burth, num_of_taken_books)
VALUES (1, 'Иван', 'Иванов', 'Адрес 1', '2000-01-01', 3),
       (2, 'Петр', 'Петров', 'Адрес 2', '1995-03-15', 2),
       (3, 'Мария', 'Сидорова', 'Адрес 3', '1998-12-10', 4),
       (4, 'Анна', 'Козлова', 'Адрес 4', '2002-07-20', 1),
       (5, 'Сергей', 'Смирнов', 'Адрес 5', '1990-05-05', 5);

-- Вставка данных в таблицу Booking
INSERT INTO Booking (booking_id, booking_start, expire_date, returned, Reader_reader_id)
VALUES (1, '2023-10-01', '2023-10-15', 0, 1),
       (2, '2023-10-05', '2023-10-20', 0, 2),
       (3, '2023-10-08', '2023-10-22', 0, 3),
       (4, '2023-10-12', '2023-10-27', 0, 4),
       (5, '2023-10-15', '2023-10-30', 0, 5);

-- Вставка данных в таблицу BookCopy
INSERT INTO BookCopy (book_copy_id, shelft, Booking_booking_id, Book_ISBN)
VALUES (1, 1, 1, 123456780),
       (2, 2, 2, 234567891),
       (3, 1, 3, 345678902),
       (4, 2, 4, 456789013),
       (5, 1, 5, 567890124);
